{
	"pages": [ //pages数组中第一项表示应用启动页，参考：https://uniapp.dcloud.io/collocation/pages
		{
			"path": "pages/index/index",
			"style": {
				"navigationBarTitleText": "bilibili"
			}
		}
	    ,{
            "path" : "pages/index/open",
            "style" :                                                                                    
            {
                "navigationBarTitleText": "",
                "enablePullDownRefresh": false
            }
            
        }
    ],
	"globalStyle": {
		"navigationBarTextStyle": "black",
		"navigationBarTitleText": "bilibili",
		"navigationBarBackgroundColor": "#edd1d8",
		"backgroundColor": "#edd1d8",
		"app-plus": {
			
		}
	},
	"uniIdRouter": {}
}
