[
  {
    "question": "什么是深度学习？",
    "answers": [
      {
        "author": "张三",
        "answer_text": "深度学习是一种机器学习方法，它通过模拟人脑神经网络的工作方式来实现各种任务。它包括多个神经网络层次，用于自动提取和理解数据中的特征。"
      },
      {
        "author": "李四",
        "answer_text": "深度学习是一种通过多层神经网络来处理复杂数据的方法。它在计算机视觉、自然语言处理和语音识别等领域取得了重大突破。"
      },
      {
        "author": "王五",
        "answer_text": "深度学习是一种通过训练神经网络来实现模式识别和预测的技术。它已经在人工智能领域取得了巨大的成功，如AlphaGo和语言翻译。"
      }
    ]
  },
  {
    "question": "如何入门机器学习？",
    "answers": [
      {
        "author": "赵六",
        "answer_text": "要入门机器学习，首先需要学习基本的数学和统计知识，然后掌握编程技能，例如Python。接着，可以通过在线课程、教材和实际项目来学习机器学习算法和技术。"
      },
      {
        "author": "钱七",
        "answer_text": "入门机器学习的关键是不断练习和实践。建议参加机器学习竞赛和开源项目，以积累经验。还可以阅读相关的研究论文和博客，跟踪行业动态。"
      },
      {
        "author": "孙八",
        "answer_text": "要入门机器学习，最好从简单的模型和数据集开始，逐渐深入学习。还可以加入机器学习社群，与其他学习者交流经验和知识。"
      }
    ]
  },
  {
    "question": "人工智能的未来发展方向是什么？",
    "answers": [
      {
        "author": "陈九",
        "answer_text": "人工智能的未来发展方向包括强化学习、自动驾驶、医疗诊断、智能机器人等。这些领域有望取得巨大的突破和应用。"
      },
      {
        "author": "周十",
        "answer_text": "未来人工智能的发展将更加注重伦理和安全问题，以确保人工智能技术的可持续发展和社会接受度。"
      },
      {
        "author": "吴十一",
        "answer_text": "人工智能未来的一个重要方向是推动自主学习和创造性思维的机器，以实现更广泛的自动化和智能化应用。"
      }
    ]
  },
  {
    "question": "什么是气候变化？",
    "answers": [
      {
        "author": "张三",
        "answer_text": "气候变化是地球气候系统长期内发生的变化，通常是指全球平均气温上升的趋势，这与人类活动释放的温室气体有关。"
      },
      {
        "author": "李四",
        "answer_text": "气候变化还包括降雨模式、海平面上升、极端天气事件等方面的变化。这是一个严重的全球问题，需要采取行动来减缓其影响。"
      },
      {
        "author": "王五",
        "answer_text": "气候变化对生态系统、经济和社会都有深远影响，因此应该采取措施来减少温室气体排放，保护地球的环境。"
      }
    ]
  },
  {
    "question": "如何应对职业疲劳和工作压力？",
    "answers": [
      {
        "author": "赵六",
        "answer_text": "要应对职业疲劳和工作压力，重要的是制定良好的工作生活平衡，确保有足够的休息时间和娱乐活动。"
      },
      {
        "author": "钱七",
        "answer_text": "另外，学会管理时间、设定合理的目标和优先事项也有助于减轻工作压力。与同事和家人交流也能提供支持。"
      },
      {
        "author": "孙八",
        "answer_text": "如果工作压力严重，考虑咨询专业心理医生或心理健康专家，他们可以提供有效的应对策略和建议。"
      }
    ]
  },
  {
    "question": "什么是虚拟现实技术？",
    "answers": [
      {
        "author": "陈九",
        "answer_text": "虚拟现实技术是一种模拟真实世界或创建虚构环境的技术，通常通过头戴式显示器和交互设备来实现。"
      },
      {
        "author": "周十",
        "answer_text": "虚拟现实技术可用于游戏、模拟培训、医疗治疗和虚拟旅游等领域。它让用户沉浸在一个数字化的虚拟环境中，提供身临其境的体验。"
      },
      {
        "author": "吴十一",
        "answer_text": "虚拟现实技术在未来有巨大潜力，将影响教育、医疗、娱乐和企业领域。随着技术的进步，它将变得更加普及和多样化。"
      }
    ]
  },
  {
    "question": "什么是区块链技术？",
    "answers": [
      {
        "author": "李小明",
        "answer_text": "区块链技术是一种分布式数据库技术，它以链式连接的方式存储数据块，每个数据块包含了一定时间内的交易记录。它的去中心化特性和不可篡改性使其在数字货币和更广泛的领域中具有潜力。"
      },
      {
        "author": "张晓峰",
        "answer_text": "区块链是一种去中心化的账本技术，通过分布式网络来验证和记录交易。它可以用于数字货币，也可以用于改善供应链管理和数据安全等领域。"
      },
      {
        "author": "王丽华",
        "answer_text": "区块链技术的核心思想是建立一个可信的、不可篡改的记录系统。它通过共识算法来确保交易的安全性，是一种革命性的技术。"
      }
    ]
  },
  {
    "question": "如何保护个人信息免受网络威胁？",
    "answers": [
      {
        "author": "李大伟",
        "answer_text": "要保护个人信息，首先要使用强密码，并定期更改密码。另外，不要随意分享个人信息，尤其是社交媒体上。使用双因素认证也是增加安全性的好方法。"
      },
      {
        "author": "张晓丽",
        "answer_text": "保护个人信息还包括不点击可疑链接、不下载来自未知来源的文件，以及定期更新操作系统和安全软件。教育自己有关网络威胁也很重要。"
      },
      {
        "author": "王小明",
        "answer_text": "使用虚拟专用网络（VPN）可以帮助隐藏您的IP地址，增加在线隐私。此外，要时刻警惕社交工程攻击，不轻易相信陌生人的信息。"
      }
    ]
  },
  {
    "question": "如何提高写作技能？",
    "answers": [
      {
        "author": "刘艺文",
        "answer_text": "要提高写作技能，首先要多读书，积累阅读经验。此外，多写作、多练习，不断反思和改进自己的作品也很重要。"
      },
      {
        "author": "陈小明",
        "answer_text": "寻找反馈是提高写作技能的关键。可以请教老师、朋友或专业编辑人员，他们的建议可以帮助您不断进步。"
      },
      {
        "author": "杨大伟",
        "answer_text": "另外，拓展自己的知识面也有助于提高写作水平。多学习不同领域的知识，可以让您的文章更加丰富和深刻。"
      }
    ]
  },
  {
    "question": "为什么人们喜欢旅行？",
    "answers": [
      {
        "author": "王小红",
        "answer_text": "旅行可以让人们逃离日常生活的压力，探索新的文化和风景，增加生活的乐趣。它也有助于扩大视野，开阔思维。"
      },
      {
        "author": "李明阳",
        "answer_text": "旅行是一种学习和成长的机会。在不同的地方，人们可以学习到不同的历史、传统和生活方式，这对个人发展非常有益。"
      },
      {
        "author": "赵小雨",
        "answer_text": "另外，旅行也可以带来刺激和冒险，让人充满兴奋和活力。这种体验可以成为美好回忆，激励人们追求更多的冒险。"
      }
    ]
  },
  {
    "question": "如何应对工作压力？",
    "answers": [
      {
        "author": "杨大力",
        "answer_text": "应对工作压力，可以采用时间管理技巧，合理分配工作任务。另外，保持健康的生活方式，如锻炼和充足的睡眠，也有助于减轻压力。"
      },
      {
        "author": "陈小玲",
        "answer_text": "寻找放松和娱乐的方式也很重要。例如，通过爱好、阅读或冥想来释放压力。同时，不要害怕向同事或上级寻求支持和帮助。"
      },
      {
        "author": "王大勇",
        "answer_text": "最重要的是要保持积极的心态。学会应对挑战和困难，将它们视为成长的机会。同时，定期休假和度过时间与家人和朋友在一起也可以帮助缓解压力。"
      }
    ]
  },
  {
    "question": "什么是气候变化？",
    "answers": [
      {
        "author": "张三",
        "answer_text": "气候变化指的是地球长期气象模式的变化，包括温度、降水、风向等。这一变化通常由人类活动和自然因素引起。"
      },
      {
        "author": "李四",
        "answer_text": "气候变化通常是指全球变暖，导致极端天气事件增加，如干旱和洪水。它对环境、生态系统和人类社会都有深远影响。"
      },
      {
        "author": "王五",
        "answer_text": "气候变化还包括海平面上升、冰川融化和生态系统受损等现象。全球各地都在采取措施减缓和适应气候变化。"
      }
    ]
  },
  {
    "question": "如何减少塑料污染？",
    "answers": [
      {
        "author": "赵六",
        "answer_text": "要减少塑料污染，可以减少使用一次性塑料制品，如塑料袋和吸管，改用可重复使用的替代品。"
      },
      {
        "author": "钱七",
        "answer_text": "回收和循环利用塑料也是减少污染的重要方法。同时，支持政府和企业采取环保政策和措施，促进可持续生产和消费。"
      },
      {
        "author": "孙八",
        "answer_text": "教育和宣传也很重要，提高人们对塑料污染的意识，鼓励大家采取环保行动，可以帮助减少塑料污染的影响。"
      }
    ]
  },
  {
    "question": "如何克服拖延症？",
    "answers": [
      {
        "author": "陈九",
        "answer_text": "克服拖延症的关键是制定明确的目标和计划。将任务分解为小步骤，并设定截止日期，可以帮助提高效率。"
      },
      {
        "author": "周十",
        "answer_text": "建立时间管理技巧，如番茄工作法或时间块管理，有助于集中注意力并减少拖延。同时，要避免干扰和诱惑，保持专注。"
      },
      {
        "author": "吴十一",
        "answer_text": "找到自己的动力和激励因素，明白完成任务的重要性。还可以与朋友或同事建立合作伙伴关系，相互监督和鼓励。"
      }
    ]
  }
]
